accession,gene,length,moltype,organism,created,title
NM_000077.6,CDKN2A,1191,rna,Homo sapiens,1999/03/19,"Homo sapiens cyclin dependent kinase inhibitor 2A (CDKN2A), transcript variant 1, mRNA"
NM_001142769.4,PCDH15,5878,rna,Homo sapiens,2008/12/19,"Homo sapiens protocadherin related 15 (PCDH15), transcript variant I, mRNA"
NM_001441094.1,IQSEC2,5112,rna,Homo sapiens,2025/06/04,"Homo sapiens IQ motif and Sec7 domain ArfGEF 2 (IQSEC2), transcript variant 6, mRNA"
NM_001441093.1,IQSEC2,5325,rna,Homo sapiens,2025/06/04,"Homo sapiens IQ motif and Sec7 domain ArfGEF 2 (IQSEC2), transcript variant 5, mRNA"
NM_001441092.1,IQSEC2,7654,rna,Homo sapiens,2025/06/04,"Homo sapiens IQ motif and Sec7 domain ArfGEF 2 (IQSEC2), transcript variant 8, mRNA"
NM_001441095.1,IQSEC2,6779,rna,Homo sapiens,2025/06/04,"Homo sapiens IQ motif and Sec7 domain ArfGEF 2 (IQSEC2), transcript variant 7, mRNA"
NM_001440614.1,MYO1F,3759,rna,Homo sapiens,2025/05/22,"Homo sapiens myosin IF (MYO1F), transcript variant 8, mRNA"
NM_001440611.1,MYO1F,3861,rna,Homo sapiens,2025/05/22,"Homo sapiens myosin IF (MYO1F), transcript variant 5, mRNA"
NM_001440610.1,MYO1F,3876,rna,Homo sapiens,2025/05/22,"Homo sapiens myosin IF (MYO1F), transcript variant 4, mRNA"
NM_001440609.1,MYO1F,3909,rna,Homo sapiens,2025/05/22,"Homo sapiens myosin IF (MYO1F), transcript variant 3, mRNA"
NM_001440612.1,MYO1F,3852,rna,Homo sapiens,2025/05/22,"Homo sapiens myosin IF (MYO1F), transcript variant 6, mRNA"
NM_001440613.1,MYO1F,3774,rna,Homo sapiens,2025/05/22,"Homo sapiens myosin IF (MYO1F), transcript variant 7, mRNA"
NM_001440368.1,DRD2,2805,rna,Homo sapiens,2025/05/19,"Homo sapiens dopamine receptor D2 (DRD2), transcript variant 3, mRNA"
NM_001439236.1,ACP5,1898,rna,Homo sapiens,2025/04/29,"Homo sapiens acid phosphatase 5, tartrate resistant (ACP5), transcript variant 9, mRNA"
NM_001439235.1,ACP5,1791,rna,Homo sapiens,2025/04/29,"Homo sapiens acid phosphatase 5, tartrate resistant (ACP5), transcript variant 8, mRNA"
NM_001330446.2,SIRAL1,2032,rna,Homo sapiens,2016/08/29,"Homo sapiens SIR2 antiphage like 1 (SIRAL1), transcript variant 2, mRNA"
NM_001439325.1,SIRAL1,1963,rna,Homo sapiens,2025/04/29,"Homo sapiens SIR2 antiphage like 1 (SIRAL1), transcript variant 4, mRNA"
NM_001439324.1,SIRAL1,1966,rna,Homo sapiens,2025/04/29,"Homo sapiens SIR2 antiphage like 1 (SIRAL1), transcript variant 3, mRNA"
NM_001439234.1,ACP5,1725,rna,Homo sapiens,2025/04/29,"Homo sapiens acid phosphatase 5, tartrate resistant (ACP5), transcript variant 7, mRNA"
NM_001439233.1,ACP5,1727,rna,Homo sapiens,2025/04/29,"Homo sapiens acid phosphatase 5, tartrate resistant (ACP5), transcript variant 6, mRNA"
NM_019899.3,ABCC1 blood group,6159,rna,Homo sapiens,2000/08/15,"Homo sapiens ATP binding cassette subfamily C member 1 (ABCC1 blood group) (ABCC1), transcript variant 4, mRNA"
NM_019902.2,ABCC1 blood group,6357,rna,Homo sapiens,2000/08/15,"Homo sapiens ATP binding cassette subfamily C member 1 (ABCC1 blood group) (ABCC1), transcript variant 7, mRNA"
NM_019898.3,ABCC1 blood group,6336,rna,Homo sapiens,2000/08/15,"Homo sapiens ATP binding cassette subfamily C member 1 (ABCC1 blood group) (ABCC1), transcript variant 3, mRNA"
NM_001438718.1,ABCC1 blood group,6042,rna,Homo sapiens,2025/04/24,"Homo sapiens ATP binding cassette subfamily C member 1 (ABCC1 blood group) (ABCC1), transcript variant 10, mRNA"
NM_001438715.1,ABCC1 blood group,6231,rna,Homo sapiens,2025/04/24,"Homo sapiens ATP binding cassette subfamily C member 1 (ABCC1 blood group) (ABCC1), transcript variant 8, mRNA"
NM_001438719.1,ABCC1 blood group,6033,rna,Homo sapiens,2025/04/24,"Homo sapiens ATP binding cassette subfamily C member 1 (ABCC1 blood group) (ABCC1), transcript variant 11, mRNA"
NM_019901.2,ABCC1 blood group,6378,rna,Homo sapiens,2000/08/15,"Homo sapiens ATP binding cassette subfamily C member 1 (ABCC1 blood group) (ABCC1), transcript variant 6, mRNA"
NM_001438717.1,ABCC1 blood group,6093,rna,Homo sapiens,2025/04/24,"Homo sapiens ATP binding cassette subfamily C member 1 (ABCC1 blood group) (ABCC1), transcript variant 9, mRNA"
NM_001438720.1,ABCC1 blood group,6012,rna,Homo sapiens,2025/04/24,"Homo sapiens ATP binding cassette subfamily C member 1 (ABCC1 blood group) (ABCC1), transcript variant 12, mRNA"
NM_001438755.1,ABCC1 blood group,6309,rna,Homo sapiens,2025/04/24,"Homo sapiens ATP binding cassette subfamily C member 1 (ABCC1 blood group) (ABCC1), transcript variant 13, mRNA"
NM_001425120.1,DHCR7,2764,rna,Homo sapiens,2023/10/26,"Homo sapiens 7-dehydrocholesterol reductase (DHCR7), transcript variant 15, mRNA"
NM_001425109.1,DHCR7,2854,rna,Homo sapiens,2023/10/26,"Homo sapiens 7-dehydrocholesterol reductase (DHCR7), transcript variant 5, mRNA"
NM_001425110.1,DHCR7,2640,rna,Homo sapiens,2023/10/26,"Homo sapiens 7-dehydrocholesterol reductase (DHCR7), transcript variant 6, mRNA"
NM_001425111.1,DHCR7,2376,rna,Homo sapiens,2023/10/26,"Homo sapiens 7-dehydrocholesterol reductase (DHCR7), transcript variant 7, mRNA"
NM_001425112.1,DHCR7,2761,rna,Homo sapiens,2023/10/26,"Homo sapiens 7-dehydrocholesterol reductase (DHCR7), transcript variant 8, mRNA"
NM_001425121.1,DHCR7,1884,rna,Homo sapiens,2023/10/26,"Homo sapiens 7-dehydrocholesterol reductase (DHCR7), transcript variant 16, mRNA"
NM_001425117.1,DHCR7,2698,rna,Homo sapiens,2023/10/26,"Homo sapiens 7-dehydrocholesterol reductase (DHCR7), transcript variant 12, mRNA"
NM_001425107.1,DHCR7,2678,rna,Homo sapiens,2023/10/26,"Homo sapiens 7-dehydrocholesterol reductase (DHCR7), transcript variant 3, mRNA"
NM_001425114.1,DHCR7,2531,rna,Homo sapiens,2023/10/26,"Homo sapiens 7-dehydrocholesterol reductase (DHCR7), transcript variant 10, mRNA"
NM_001425108.1,DHCR7,2663,rna,Homo sapiens,2023/10/26,"Homo sapiens 7-dehydrocholesterol reductase (DHCR7), transcript variant 4, mRNA"
NM_001425118.1,DHCR7,1978,rna,Homo sapiens,2023/10/26,"Homo sapiens 7-dehydrocholesterol reductase (DHCR7), transcript variant 13, mRNA"
NM_001425113.1,DHCR7,2567,rna,Homo sapiens,2023/10/26,"Homo sapiens 7-dehydrocholesterol reductase (DHCR7), transcript variant 9, mRNA"
NM_001425116.1,DHCR7,2665,rna,Homo sapiens,2023/10/26,"Homo sapiens 7-dehydrocholesterol reductase (DHCR7), transcript variant 11, mRNA"
NM_001425119.1,DHCR7,2769,rna,Homo sapiens,2023/10/26,"Homo sapiens 7-dehydrocholesterol reductase (DHCR7), transcript variant 14, mRNA"
NM_001410736.1,IQSEC2,5987,rna,Homo sapiens,2022/08/15,"Homo sapiens IQ motif and Sec7 domain ArfGEF 2 (IQSEC2), transcript variant 4, mRNA"
NM_019862.3,ABCC1 blood group,6327,rna,Homo sapiens,2000/08/11,"Homo sapiens ATP binding cassette subfamily C member 1 (ABCC1 blood group) (ABCC1), transcript variant 2, mRNA"
NM_001394396.1,SACK1A,3887,rna,Homo sapiens,2021/04/19,"Homo sapiens scaffolding CK1 anchoring protein A (SACK1A), transcript variant 5, mRNA"
NM_152434.3,CWF19L2,3244,rna,Homo sapiens,2002/09/06,"Homo sapiens CWF19 like cell cycle control factor 2 (CWF19L2), mRNA"
NM_001330711.2,ZBTB35,3624,rna,Homo sapiens,2016/09/01,"Homo sapiens zinc finger and BTB domain containing 35 (ZBTB35), transcript variant 10, mRNA"
NM_003432.4,ZBTB35,3629,rna,Homo sapiens,2006/01/13,"Homo sapiens zinc finger and BTB domain containing 35 (ZBTB35), transcript variant 2, mRNA"
NM_001388319.1,ZBTB35,4099,rna,Homo sapiens,2020/10/23,"Homo sapiens zinc finger and BTB domain containing 35 (ZBTB35), transcript variant 17, mRNA"
NM_001330712.2,ZBTB35,3731,rna,Homo sapiens,2016/09/01,"Homo sapiens zinc finger and BTB domain containing 35 (ZBTB35), transcript variant 11, mRNA"
NM_001297548.3,ZBTB35,3691,rna,Homo sapiens,2014/07/03,"Homo sapiens zinc finger and BTB domain containing 35 (ZBTB35), transcript variant 1, mRNA"
NM_183356.4,glutamine-hydrolyzing,2663,rna,Homo sapiens,2003/09/04,"Homo sapiens asparagine synthetase (glutamine-hydrolyzing) (ASNS), transcript variant 3, mRNA"
NM_001160174.3,NAT1,2022,rna,Homo sapiens,2009/05/15,"Homo sapiens N-acetyltransferase 1 (NAT1), transcript variant 6, mRNA"
NM_001349915.2,SIRAL2,2661,rna,Homo sapiens,2017/03/29,"Homo sapiens SIR2 antiphage like 2 (SIRAL2), transcript variant 5, mRNA"
NM_207006.3,SACK1A,3700,rna,Homo sapiens,2004/04/07,"Homo sapiens scaffolding CK1 anchoring protein A (SACK1A), transcript variant 2, mRNA"
NM_016574.4,DRD2,2721,rna,Homo sapiens,2000/05/03,"Homo sapiens dopamine receptor D2 (DRD2), transcript variant 2, mRNA"
NM_001363341.2,GATB,2234,rna,Homo sapiens,2018/05/17,"Homo sapiens glutamyl-tRNA amidotransferase subunit B (GATB), transcript variant 2, mRNA; nuclear gene for mitochondrial product"
NM_033663.6,DRD3,2671,rna,Homo sapiens,2001/10/11,"Homo sapiens dopamine receptor D3 (DRD3), transcript variant e, mRNA"
NM_001291332.2,MROH7,3001,rna,Homo sapiens,2014/04/04,"Homo sapiens maestro heat like repeat family member 7 (MROH7), transcript variant 3, mRNA"
NM_001349914.2,SIRAL2,2886,rna,Homo sapiens,2017/03/29,"Homo sapiens SIR2 antiphage like 2 (SIRAL2), transcript variant 4, mRNA"
NM_001039091.3,PRPS2,2478,rna,Homo sapiens,2006/01/14,"Homo sapiens phosphoribosyl pyrophosphate synthetase 2 (PRPS2), transcript variant 1, mRNA"
NM_024793.3,IFT38,3600,rna,Homo sapiens,2001/03/23,"Homo sapiens intraflagellar transport 38 (IFT38), transcript variant 2, mRNA"
NM_001303251.2,ZBED8,2882,rna,Homo sapiens,2014/12/23,"Homo sapiens zinc finger BED-type containing 8 (ZBED8), transcript variant 1, mRNA"
NM_001349913.2,SIRAL2,2825,rna,Homo sapiens,2017/03/29,"Homo sapiens SIR2 antiphage like 2 (SIRAL2), transcript variant 3, mRNA"
NM_001160173.4,NAT1,1949,rna,Homo sapiens,2009/05/15,"Homo sapiens N-acetyltransferase 1 (NAT1), transcript variant 4, mRNA"
NM_001349916.2,SIRAL2,3249,rna,Homo sapiens,2017/03/29,"Homo sapiens SIR2 antiphage like 2 (SIRAL2), transcript variant 6, mRNA"
NM_001204402.2,PRPS1,1662,rna,Homo sapiens,2011/03/01,"Homo sapiens phosphoribosyl pyrophosphate synthetase 1 (PRPS1), transcript variant 2, mRNA"
NM_001385622.1,STARD7,2983,rna,Homo sapiens,2020/07/22,"Homo sapiens StAR related lipid transfer domain containing 7 (STARD7), transcript variant 3, mRNA; nuclear gene for mitochondrial product"
NM_020151.4,STARD7,3377,rna,Homo sapiens,2000/08/25,"Homo sapiens StAR related lipid transfer domain containing 7 (STARD7), transcript variant 1, mRNA; nuclear gene for mitochondrial product"
NM_017708.4,SACK1E,4112,rna,Homo sapiens,2000/07/04,"Homo sapiens scaffolding CK1 anchoring protein E (SACK1E), mRNA"
NM_001382752.1,MID2,6744,rna,Homo sapiens,2020/05/20,"Homo sapiens midline 2 (MID2), transcript variant 4, mRNA"
NM_001382751.1,MID2,6834,rna,Homo sapiens,2020/05/20,"Homo sapiens midline 2 (MID2), transcript variant 3, mRNA"
NM_001382665.1,GPT,1884,rna,Homo sapiens,2020/05/18,"Homo sapiens glutamic--pyruvic transaminase (GPT), transcript variant 3, mRNA"
NM_001382664.1,GPT,1725,rna,Homo sapiens,2020/05/18,"Homo sapiens glutamic--pyruvic transaminase (GPT), transcript variant 2, mRNA"
NM_002765.5,PRPS2,2469,rna,Homo sapiens,1999/03/19,"Homo sapiens phosphoribosyl pyrophosphate synthetase 2 (PRPS2), transcript variant 2, mRNA"
NM_001360.3,DHCR7,2627,rna,Homo sapiens,1999/03/19,"Homo sapiens 7-dehydrocholesterol reductase (DHCR7), transcript variant 1, mRNA"
NM_017912.4,HERC6,3776,rna,Homo sapiens,2000/07/04,"Homo sapiens HECT and RLD domain containing E3 ubiquitin protein ligase family member 6 (HERC6), transcript variant 1, mRNA"
NM_001165136.2,HERC6,3668,rna,Homo sapiens,2009/09/23,"Homo sapiens HECT and RLD domain containing E3 ubiquitin protein ligase family member 6 (HERC6), transcript variant 2, mRNA"
NM_198488.5,SACK1H,5632,rna,Homo sapiens,2003/11/15,"Homo sapiens scaffolding CK1 anchoring protein H (SACK1H), mRNA"
NM_002764.4,PRPS1,2070,rna,Homo sapiens,1999/03/19,"Homo sapiens phosphoribosyl pyrophosphate synthetase 1 (PRPS1), transcript variant 1, mRNA"
NM_000796.6,DRD3,2770,rna,Homo sapiens,1999/03/19,"Homo sapiens dopamine receptor D3 (DRD3), transcript variant a, mRNA"
NM_000381.4,MID1,6168,rna,Homo sapiens,1999/04/01,"Homo sapiens midline 1 (MID1), transcript variant 1, mRNA"
NM_001330707.2,ZBTB35,3286,rna,Homo sapiens,2016/09/01,"Homo sapiens zinc finger and BTB domain containing 35 (ZBTB35), transcript variant 6, mRNA"
NM_001288587.3,SACK1A,1620,rna,Homo sapiens,2013/12/21,"Homo sapiens scaffolding CK1 anchoring protein A (SACK1A), transcript variant 3, mRNA"
NM_001330704.2,ZBTB35,3191,rna,Homo sapiens,2016/09/01,"Homo sapiens zinc finger and BTB domain containing 35 (ZBTB35), transcript variant 3, mRNA"
NM_001321630.2,SACK1A,1241,rna,Homo sapiens,2016/03/29,"Homo sapiens scaffolding CK1 anchoring protein A (SACK1A), transcript variant 4, mRNA"
NM_001330715.2,ZBTB35,3233,rna,Homo sapiens,2016/09/01,"Homo sapiens zinc finger and BTB domain containing 35 (ZBTB35), transcript variant 14, mRNA"
NM_001330710.2,ZBTB35,3141,rna,Homo sapiens,2016/09/01,"Homo sapiens zinc finger and BTB domain containing 35 (ZBTB35), transcript variant 9, mRNA"
NM_001330708.2,ZBTB35,3281,rna,Homo sapiens,2016/09/01,"Homo sapiens zinc finger and BTB domain containing 35 (ZBTB35), transcript variant 7, mRNA"
NM_001347733.2,MID1,6492,rna,Homo sapiens,2016/12/15,"Homo sapiens midline 1 (MID1), transcript variant 10, mRNA"
NM_033290.4,MID1,6248,rna,Homo sapiens,2001/08/14,"Homo sapiens midline 1 (MID1), transcript variant 3, mRNA"
NM_001330714.2,ZBTB35,3340,rna,Homo sapiens,2016/09/01,"Homo sapiens zinc finger and BTB domain containing 35 (ZBTB35), transcript variant 13, mRNA"
NM_001330713.2,ZBTB35,3238,rna,Homo sapiens,2016/09/01,"Homo sapiens zinc finger and BTB domain containing 35 (ZBTB35), transcript variant 12, mRNA"
NM_001330717.2,ZBTB35,3532,rna,Homo sapiens,2016/09/01,"Homo sapiens zinc finger and BTB domain containing 35 (ZBTB35), transcript variant 16, mRNA"
NM_001330716.2,ZBTB35,3985,rna,Homo sapiens,2016/09/01,"Homo sapiens zinc finger and BTB domain containing 35 (ZBTB35), transcript variant 15, mRNA"
NM_033289.2,MID1,6300,rna,Homo sapiens,2010/07/17,"Homo sapiens midline 1 (MID1), transcript variant 5, mRNA"
NM_001163817.2,DHCR7,2604,rna,Homo sapiens,2009/08/05,"Homo sapiens 7-dehydrocholesterol reductase (DHCR7), transcript variant 2, mRNA"
NM_052817.3,MID2,7243,rna,Homo sapiens,2001/10/18,"Homo sapiens midline 2 (MID2), transcript variant 2, mRNA"
NM_012216.4,MID2,7333,rna,Homo sapiens,2000/02/07,"Homo sapiens midline 2 (MID2), transcript variant 1, mRNA"
NM_001330706.2,ZBTB35,3184,rna,Homo sapiens,2016/09/01,"Homo sapiens zinc finger and BTB domain containing 35 (ZBTB35), transcript variant 5, mRNA"
NM_001330709.2,ZBTB35,3039,rna,Homo sapiens,2016/09/01,"Homo sapiens zinc finger and BTB domain containing 35 (ZBTB35), transcript variant 8, mRNA"
NM_001160172.4,NAT1,2104,rna,Homo sapiens,2009/05/15,"Homo sapiens N-acetyltransferase 1 (NAT1), transcript variant 3, mRNA"
NM_001160175.4,NAT1,2067,rna,Homo sapiens,2009/05/15,"Homo sapiens N-acetyltransferase 1 (NAT1), transcript variant 7, mRNA"
NM_001111035.3,ACP5,1620,rna,Homo sapiens,2007/11/30,"Homo sapiens acid phosphatase 5, tartrate resistant (ACP5), transcript variant 1, mRNA"
NM_001193322.2,IKBKE,3127,rna,Homo sapiens,2010/07/21,"Homo sapiens inhibitor of nuclear factor kappa B kinase subunit epsilon (IKBKE), transcript variant 2, mRNA"
NM_001160171.4,NAT1,2183,rna,Homo sapiens,2009/05/15,"Homo sapiens N-acetyltransferase 1 (NAT1), transcript variant 2, mRNA"
NM_001348355.2,MYO1F,4168,rna,Homo sapiens,2017/01/27,"Homo sapiens myosin IF (MYO1F), transcript variant 2, mRNA"
NM_001322023.2,ACP5,1649,rna,Homo sapiens,2016/04/05,"Homo sapiens acid phosphatase 5, tartrate resistant (ACP5), transcript variant 5, mRNA"
NM_001160179.3,NAT1,2004,rna,Homo sapiens,2009/05/15,"Homo sapiens N-acetyltransferase 1 (NAT1), transcript variant 9, mRNA"
NM_001330375.2,HLF,5175,rna,Homo sapiens,2016/08/29,"Homo sapiens HLF transcription factor, PAR bZIP family member (HLF), transcript variant 2, mRNA"
NM_001178075.2,glutamine-hydrolyzing,2311,rna,Homo sapiens,2010/05/13,"Homo sapiens asparagine synthetase (glutamine-hydrolyzing) (ASNS), transcript variant 4, mRNA"
NM_015075.2,IQSEC2,5208,rna,Homo sapiens,2004/10/06,"Homo sapiens IQ motif and Sec7 domain ArfGEF 2 (IQSEC2), transcript variant 2, mRNA"
NM_001363616.2,ZC3H11D,1594,rna,Homo sapiens,2018/05/24,"Homo sapiens zinc finger CCCH-type containing 11D (ZC3H11D), transcript variant 2, mRNA"
NM_001303404.2,CWF19L1,2471,rna,Homo sapiens,2014/12/30,"Homo sapiens CWF19 like cell cycle control factor 1 (CWF19L1), transcript variant 2, mRNA"
NM_001303405.2,CWF19L1,2636,rna,Homo sapiens,2014/12/30,"Homo sapiens CWF19 like cell cycle control factor 1 (CWF19L1), transcript variant 3, mRNA"
NM_001204889.2,ALDH2,9420,rna,Homo sapiens,2011/03/11,"Homo sapiens aldehyde dehydrogenase 2 family member (ALDH2), transcript variant 2, mRNA; nuclear gene for mitochondrial product"
NM_001178076.2,glutamine-hydrolyzing,2077,rna,Homo sapiens,2010/05/13,"Homo sapiens asparagine synthetase (glutamine-hydrolyzing) (ASNS), transcript variant 5, mRNA"
NM_052828.3,TRIM10,3286,rna,Homo sapiens,2001/10/19,"Homo sapiens tripartite motif containing 10 (TRIM10), transcript variant 2, mRNA"
NM_001303407.2,CWF19L1,2360,rna,Homo sapiens,2014/12/30,"Homo sapiens CWF19 like cell cycle control factor 1 (CWF19L1), transcript variant 5, mRNA"
NM_001193321.2,IKBKE,3121,rna,Homo sapiens,2010/07/20,"Homo sapiens inhibitor of nuclear factor kappa B kinase subunit epsilon (IKBKE), transcript variant 3, mRNA"
NM_001111034.3,ACP5,1571,rna,Homo sapiens,2007/11/30,"Homo sapiens acid phosphatase 5, tartrate resistant (ACP5), transcript variant 2, mRNA"
NM_001303406.2,CWF19L1,2325,rna,Homo sapiens,2014/12/30,"Homo sapiens CWF19 like cell cycle control factor 1 (CWF19L1), transcript variant 4, mRNA"
NM_001291962.2,NAT1,2122,rna,Homo sapiens,2014/05/14,"Homo sapiens N-acetyltransferase 1 (NAT1), transcript variant 10, mRNA"
NM_001243197.2,IQSEC2,922,rna,Homo sapiens,2011/08/02,"Homo sapiens IQ motif and Sec7 domain ArfGEF 2 (IQSEC2), transcript variant 3, mRNA"
NM_001160176.4,NAT1,1917,rna,Homo sapiens,2009/05/15,"Homo sapiens N-acetyltransferase 1 (NAT1), transcript variant 8, mRNA"
NM_001111036.3,ACP5,1547,rna,Homo sapiens,2007/11/30,"Homo sapiens acid phosphatase 5, tartrate resistant (ACP5), transcript variant 3, mRNA"
NM_001352496.2,glutamine-hydrolyzing,2786,rna,Homo sapiens,2017/06/14,"Homo sapiens asparagine synthetase (glutamine-hydrolyzing) (ASNS), transcript variant 7, mRNA"
NM_001160170.4,NAT1,2333,rna,Homo sapiens,2009/05/15,"Homo sapiens N-acetyltransferase 1 (NAT1), transcript variant 1, mRNA"
NM_001330454.2,IFT38,4140,rna,Homo sapiens,2016/08/25,"Homo sapiens intraflagellar transport 38 (IFT38), transcript variant 3, mRNA"
NM_138435.4,SACK1F,15561,rna,Homo sapiens,2002/04/04,"Homo sapiens scaffolding CK1 anchoring protein F (SACK1F), mRNA"
NM_012335.4,MYO1F,4180,rna,Homo sapiens,2002/10/24,"Homo sapiens myosin IF (MYO1F), transcript variant 1, mRNA"
NM_000797.4,DRD4,1399,rna,Homo sapiens,1999/03/19,"Homo sapiens dopamine receptor D4 (DRD4), mRNA"
NM_000798.5,DRD5,2376,rna,Homo sapiens,1999/03/19,"Homo sapiens dopamine receptor D5 (DRD5), mRNA"
NM_030919.3,SACK1D,2370,rna,Homo sapiens,2002/10/24,"Homo sapiens scaffolding CK1 anchoring protein D (SACK1D), mRNA"
NM_015492.5,PRMT2IP,4425,rna,Homo sapiens,2000/04/26,"Homo sapiens PRMT2 interacting protein (PRMT2IP), mRNA"
NM_001086.3,AADAC,1563,rna,Homo sapiens,1999/04/01,"Homo sapiens arylacetamide deacetylase (AADAC), mRNA"
NM_178468.6,SACK1C,3169,rna,Homo sapiens,2003/05/08,"Homo sapiens scaffolding CK1 anchoring protein C (SACK1C), mRNA"
NM_001145191.2,ZBED11,4287,rna,Homo sapiens,2009/02/14,"Homo sapiens zinc finger BED-type containing 11 (ZBED11), mRNA"
NM_018294.6,CWF19L1,2591,rna,Homo sapiens,2000/07/04,"Homo sapiens CWF19 like cell cycle control factor 1 (CWF19L1), transcript variant 1, mRNA"
NM_002022.3,FMO4,2303,rna,Homo sapiens,1999/03/19,"Homo sapiens flavin containing dimethylaniline monoxygenase 4 (FMO4), mRNA"
NM_000795.4,DRD2,2808,rna,Homo sapiens,1999/03/19,"Homo sapiens dopamine receptor D2 (DRD2), transcript variant 1, mRNA"
NM_153613.3,LPCAT4,2165,rna,Homo sapiens,2002/10/15,"Homo sapiens lysophosphatidylcholine acyltransferase 4 (LPCAT4), mRNA"
NM_206967.3,CLMB,911,rna,Homo sapiens,2004/06/02,"Homo sapiens calcimembrin (CLMB), transcript variant 1, mRNA"
NM_014002.4,IKBKE,3240,rna,Homo sapiens,2000/04/22,"Homo sapiens inhibitor of nuclear factor kappa B kinase subunit epsilon (IKBKE), transcript variant 1, mRNA"
NM_175886.3,PRPS1L1,1077,rna,Homo sapiens,2003/02/25,"Homo sapiens phosphoribosyl pyrophosphate synthetase 1 like 1 (PRPS1L1), mRNA"
NM_004564.3,GATB,2369,rna,Homo sapiens,1999/05/07,"Homo sapiens glutamyl-tRNA amidotransferase subunit B (GATB), transcript variant 1, mRNA; nuclear gene for mitochondrial product"
NM_018292.5,QRSL1,4106,rna,Homo sapiens,2000/07/04,"Homo sapiens glutaminyl-tRNA amidotransferase subunit QRSL1 (QRSL1), mRNA; nuclear gene for mitochondrial product"
NM_152589.3,ZC3H11D,1711,rna,Homo sapiens,2002/09/06,"Homo sapiens zinc finger CCCH-type containing 11D (ZC3H11D), transcript variant 1, mRNA"
NM_033396.3,CNOT12,5820,rna,Homo sapiens,2002/04/23,"Homo sapiens CCR4-NOT transcription complex subunit 12 (CNOT12), mRNA"
NM_004134.7,Hsp70,4404,rna,Homo sapiens,1999/05/07,"Homo sapiens heat shock protein family A (Hsp70) member 9 (HSPA9), mRNA; nuclear gene for mitochondrial product"
NM_002126.5,HLF,5721,rna,Homo sapiens,1999/03/19,"Homo sapiens HLF transcription factor, PAR bZIP family member (HLF), transcript variant 1, mRNA"
NM_024556.4,SIRAL1,2016,rna,Homo sapiens,2001/03/18,"Homo sapiens SIR2 antiphage like 1 (SIRAL1), transcript variant 1, mRNA"
NM_001010872.3,SACK1B,6244,rna,Homo sapiens,2005/03/22,"Homo sapiens scaffolding CK1 anchoring protein B (SACK1B), mRNA"
NM_004996.4,ABCC1 blood group,6504,rna,Homo sapiens,1999/05/14,"Homo sapiens ATP binding cassette subfamily C member 1 (ABCC1 blood group) (ABCC1), transcript variant 1, mRNA"
NM_001111125.3,IQSEC2,6037,rna,Homo sapiens,2007/12/08,"Homo sapiens IQ motif and Sec7 domain ArfGEF 2 (IQSEC2), transcript variant 1, mRNA"
NM_001039464.4,MROH7,4343,rna,Homo sapiens,2006/02/08,"Homo sapiens maestro heat like repeat family member 7 (MROH7), transcript variant 1, mRNA"
NM_015041.3,IFT38,4083,rna,Homo sapiens,2004/09/19,"Homo sapiens intraflagellar transport 38 (IFT38), transcript variant 1, mRNA"
NM_176818.3,GATC,4238,rna,Homo sapiens,2004/08/05,"Homo sapiens glutamyl-tRNA amidotransferase subunit C (GATC), transcript variant 1, mRNA; nuclear gene for mitochondrial product"
NM_145111.4,ZBED8L,2468,rna,Homo sapiens,2002/06/20,"Homo sapiens ZBED8 like (ZBED8L), mRNA"
NM_001159.4,AOX1,4928,rna,Homo sapiens,1999/03/19,"Homo sapiens aldehyde oxidase 1 (AOX1), mRNA"
NM_005309.3,GPT,1828,rna,Homo sapiens,1999/05/24,"Homo sapiens glutamic--pyruvic transaminase (GPT), mRNA"
NM_006205.3,PDE6H,727,rna,Homo sapiens,1999/07/13,"Homo sapiens phosphodiesterase 6H (PDE6H), mRNA"
NM_022090.5,ZBED8,2808,rna,Homo sapiens,2000/12/05,"Homo sapiens zinc finger BED-type containing 8 (ZBED8), transcript variant 2, mRNA"
NM_000794.5,DRD1,4031,rna,Homo sapiens,1999/03/19,"Homo sapiens dopamine receptor D1 (DRD1), mRNA"
NM_000662.8,NAT1,1799,rna,Homo sapiens,1999/03/19,"Homo sapiens N-acetyltransferase 1 (NAT1), transcript variant 5, mRNA"
NM_017911.4,SIRAL2,2883,rna,Homo sapiens,2000/07/04,"Homo sapiens SIR2 antiphage like 2 (SIRAL2), transcript variant 2, mRNA"
NM_006778.4,TRIM10,3825,rna,Homo sapiens,1999/08/24,"Homo sapiens tripartite motif containing 10 (TRIM10), transcript variant 1, mRNA"
NM_001673.5,glutamine-hydrolyzing,2385,rna,Homo sapiens,1999/03/19,"Homo sapiens asparagine synthetase (glutamine-hydrolyzing) (ASNS), transcript variant 2, mRNA"
NM_015650.4,IFT54,4199,rna,Homo sapiens,2000/04/26,"Homo sapiens intraflagellar transport 54 (IFT54), transcript variant 1, mRNA"
NM_000690.4,ALDH2,9561,rna,Homo sapiens,1999/03/19,"Homo sapiens aldehyde dehydrogenase 2 family member (ALDH2), transcript variant 1, mRNA; nuclear gene for mitochondrial product"
NM_001039999.3,SACK1G,5226,rna,Homo sapiens,2006/03/29,"Homo sapiens scaffolding CK1 anchoring protein G (SACK1G), mRNA"
NM_001611.5,ACP5,1381,rna,Homo sapiens,1999/03/19,"Homo sapiens acid phosphatase 5, tartrate resistant (ACP5), transcript variant 4, mRNA"
NM_001104595.2,SIRAL2,3480,rna,Homo sapiens,2007/09/20,"Homo sapiens SIR2 antiphage like 2 (SIRAL2), transcript variant 1, mRNA"
NM_001348119.1,TRIM16,3358,rna,Homo sapiens,2017/02/08,"Homo sapiens tripartite motif containing 16 (TRIM16), transcript variant 1, mRNA"
NM_001348122.1,TRIM16,2152,rna,Homo sapiens,2017/01/11,"Homo sapiens tripartite motif containing 16 (TRIM16), transcript variant 5, mRNA"
NM_001348125.1,TRIM16,2515,rna,Homo sapiens,2017/01/11,"Homo sapiens tripartite motif containing 16 (TRIM16), transcript variant 7, mRNA"
NM_006470.4,TRIM16,2992,rna,Homo sapiens,1999/07/13,"Homo sapiens tripartite motif containing 16 (TRIM16), transcript variant 3, mRNA"
NM_001348121.1,TRIM16,2142,rna,Homo sapiens,2017/01/11,"Homo sapiens tripartite motif containing 16 (TRIM16), transcript variant 4, mRNA"
NM_001348124.1,TRIM16,2499,rna,Homo sapiens,2017/01/11,"Homo sapiens tripartite motif containing 16 (TRIM16), transcript variant 6, mRNA"
NM_001348126.1,TRIM16,2250,rna,Homo sapiens,2017/01/11,"Homo sapiens tripartite motif containing 16 (TRIM16), transcript variant 8, mRNA"
NM_001348120.1,TRIM16,3110,rna,Homo sapiens,2017/01/11,"Homo sapiens tripartite motif containing 16 (TRIM16), transcript variant 2, mRNA"
NM_001330705.1,ZBTB35,3036,rna,Homo sapiens,2016/09/01,"Homo sapiens zinc finger and BTB domain containing 35 (ZBTB35), transcript variant 4, mRNA"
NM_032899.6,SACK1A,4639,rna,Homo sapiens,2001/05/30,"Homo sapiens scaffolding CK1 anchoring protein A (SACK1A), transcript variant 1, mRNA"
NM_001282563.2,DRD3,1557,rna,Homo sapiens,2013/09/13,"Homo sapiens dopamine receptor D3 (DRD3), transcript variant f, mRNA"
NM_001290809.1,DRD3,1690,rna,Homo sapiens,2014/03/20,"Homo sapiens dopamine receptor D3 (DRD3), transcript variant g, mRNA"
NM_001193280.1,MID1,1659,rna,Homo sapiens,2010/07/17,"Homo sapiens midline 1 (MID1), transcript variant 8, mRNA"
NM_001193279.1,MID1,1773,rna,Homo sapiens,2010/07/17,"Homo sapiens midline 1 (MID1), transcript variant 7, mRNA"
NM_001193278.1,MID1,1926,rna,Homo sapiens,2010/07/17,"Homo sapiens midline 1 (MID1), transcript variant 6, mRNA"
NM_001193277.1,MID1,6252,rna,Homo sapiens,2010/07/17,"Homo sapiens midline 1 (MID1), transcript variant 2, mRNA"
NM_001098624.2,MID1,6393,rna,Homo sapiens,2007/06/14,"Homo sapiens midline 1 (MID1), transcript variant 4, mRNA"
NM_001178077.1,glutamine-hydrolyzing,1709,rna,Homo sapiens,2010/05/13,"Homo sapiens asparagine synthetase (glutamine-hydrolyzing) (ASNS), transcript variant 6, mRNA"
NM_133436.3,glutamine-hydrolyzing,2339,rna,Homo sapiens,2002/03/07,"Homo sapiens asparagine synthetase (glutamine-hydrolyzing) (ASNS), transcript variant 1, mRNA"
NM_001139490.1,IFT54,3985,rna,Homo sapiens,2008/11/18,"Homo sapiens intraflagellar transport 54 (IFT54), transcript variant 2, mRNA"
NM_001385036.1,EXD1,3185,rna,Homo sapiens,2020/07/08,"Homo sapiens exonuclease 3'-5' domain containing 1 (EXD1), transcript variant 3, mRNA"
NM_152596.4,EXD1,2999,rna,Homo sapiens,2002/09/06,"Homo sapiens exonuclease 3'-5' domain containing 1 (EXD1), transcript variant 2, mRNA"
NM_001286441.2,EXD1,3254,rna,Homo sapiens,2013/11/05,"Homo sapiens exonuclease 3'-5' domain containing 1 (EXD1), transcript variant 1, mRNA"
NM_017843.5,BCAS4,1211,rna,Homo sapiens,2000/07/04,"Homo sapiens breast carcinoma amplified sequence 4 (BCAS4), transcript variant 1, mRNA"
NM_001305122.3,IQCK,2734,rna,Homo sapiens,2015/02/25,"Homo sapiens IQ motif containing K (IQCK), transcript variant 3, mRNA"
NM_001305121.3,IQCK,2754,rna,Homo sapiens,2015/02/25,"Homo sapiens IQ motif containing K (IQCK), transcript variant 2, mRNA"
NM_001394806.1,IQCK,2741,rna,Homo sapiens,2021/05/06,"Homo sapiens IQ motif containing K (IQCK), transcript variant 8, mRNA"
NM_001394804.1,IQCK,1926,rna,Homo sapiens,2021/05/06,"Homo sapiens IQ motif containing K (IQCK), transcript variant 6, mRNA"
NM_153208.3,IQCK,2819,rna,Homo sapiens,2002/10/01,"Homo sapiens IQ motif containing K (IQCK), transcript variant 1, mRNA"
NM_001394805.1,IQCK,3114,rna,Homo sapiens,2021/05/06,"Homo sapiens IQ motif containing K (IQCK), transcript variant 7, mRNA"
NM_153347.3,TMEM86A,3607,rna,Homo sapiens,2002/10/04,"Homo sapiens transmembrane protein 86A (TMEM86A), mRNA"
NM_001448114.1,BCAS4,5804,rna,Homo sapiens,2026/09/16,"Homo sapiens breast carcinoma amplified sequence 4 (BCAS4), transcript variant 4, mRNA"
NM_001010974.3,BCAS4,979,rna,Homo sapiens,2005/01/28,"Homo sapiens breast carcinoma amplified sequence 4 (BCAS4), transcript variant 3, mRNA"
NM_001446100.1,LCN2,1004,rna,Homo sapiens,2026/03/12,"Homo sapiens lipocalin 2 (LCN2), transcript variant 2, mRNA"
NM_001270584.2,DRC11,3092,rna,Homo sapiens,2012/07/20,"Homo sapiens dynein regulatory complex subunit 11 (DRC11), transcript variant 2, mRNA"
NM_001308164.2,GFM1,6535,rna,Homo sapiens,2015/04/28,"Homo sapiens G elongation factor mitochondrial 1 (GFM1), transcript variant 1, mRNA; nuclear gene for mitochondrial product"
NM_001270585.2,DRC11,3062,rna,Homo sapiens,2012/07/20,"Homo sapiens dynein regulatory complex subunit 11 (DRC11), transcript variant 3, mRNA"
NM_001308166.2,GFM1,2148,rna,Homo sapiens,2015/04/28,"Homo sapiens G elongation factor mitochondrial 1 (GFM1), transcript variant 3, mRNA; nuclear gene for mitochondrial product"
NM_001385854.1,TBC1D15,2983,rna,Homo sapiens,2020/07/29,"Homo sapiens TBC1 domain family member 15 (TBC1D15), transcript variant 10, mRNA"
NM_001146214.3,TBC1D15,3249,rna,Homo sapiens,2009/04/03,"Homo sapiens TBC1 domain family member 15 (TBC1D15), transcript variant 2, mRNA"
NM_001385850.1,TBC1D15,3097,rna,Homo sapiens,2020/07/29,"Homo sapiens TBC1 domain family member 15 (TBC1D15), transcript variant 6, mRNA"
NM_001146213.3,TBC1D15,3157,rna,Homo sapiens,2009/04/03,"Homo sapiens TBC1 domain family member 15 (TBC1D15), transcript variant 3, mRNA"
NM_001385848.1,TBC1D15,3151,rna,Homo sapiens,2020/07/29,"Homo sapiens TBC1 domain family member 15 (TBC1D15), transcript variant 4, mRNA"
NM_001385849.1,TBC1D15,3124,rna,Homo sapiens,2020/07/29,"Homo sapiens TBC1 domain family member 15 (TBC1D15), transcript variant 5, mRNA"
NM_001385853.1,TBC1D15,3040,rna,Homo sapiens,2020/07/29,"Homo sapiens TBC1 domain family member 15 (TBC1D15), transcript variant 9, mRNA"
NM_022771.6,TBC1D15,3208,rna,Homo sapiens,2001/01/16,"Homo sapiens TBC1 domain family member 15 (TBC1D15), transcript variant 1, mRNA"
NM_001385851.1,TBC1D15,3091,rna,Homo sapiens,2020/07/29,"Homo sapiens TBC1 domain family member 15 (TBC1D15), transcript variant 7, mRNA"
NM_001385852.1,TBC1D15,3082,rna,Homo sapiens,2020/07/29,"Homo sapiens TBC1 domain family member 15 (TBC1D15), transcript variant 8, mRNA"
NM_198799.4,BCAS4,1114,rna,Homo sapiens,2003/12/01,"Homo sapiens breast carcinoma amplified sequence 4 (BCAS4), transcript variant 2, mRNA"
NM_024996.7,GFM1,6478,rna,Homo sapiens,2001/03/18,"Homo sapiens G elongation factor mitochondrial 1 (GFM1), transcript variant 2, mRNA; nuclear gene for mitochondrial product"
NM_001374356.1,GFM1,3352,rna,Homo sapiens,2019/09/23,"Homo sapiens G elongation factor mitochondrial 1 (GFM1), transcript variant 5, mRNA; nuclear gene for mitochondrial product"
NM_001374358.1,GFM1,3010,rna,Homo sapiens,2019/09/23,"Homo sapiens G elongation factor mitochondrial 1 (GFM1), transcript variant 7, mRNA; nuclear gene for mitochondrial product"
NM_001374360.1,GFM1,3077,rna,Homo sapiens,2019/09/23,"Homo sapiens G elongation factor mitochondrial 1 (GFM1), transcript variant 9, mRNA; nuclear gene for mitochondrial product"
NM_001374359.1,GFM1,3131,rna,Homo sapiens,2019/09/23,"Homo sapiens G elongation factor mitochondrial 1 (GFM1), transcript variant 8, mRNA; nuclear gene for mitochondrial product"
NM_001374357.1,GFM1,3635,rna,Homo sapiens,2019/09/23,"Homo sapiens G elongation factor mitochondrial 1 (GFM1), transcript variant 6, mRNA; nuclear gene for mitochondrial product"
NM_001374355.1,GFM1,3388,rna,Homo sapiens,2019/09/23,"Homo sapiens G elongation factor mitochondrial 1 (GFM1), transcript variant 4, mRNA; nuclear gene for mitochondrial product"
NM_001374361.1,GFM1,3014,rna,Homo sapiens,2019/09/23,"Homo sapiens G elongation factor mitochondrial 1 (GFM1), transcript variant 10, mRNA; nuclear gene for mitochondrial product"
NM_001244710.2,GFPT1,8665,rna,Homo sapiens,2011/09/24,"Homo sapiens glutamine--fructose-6-phosphate transaminase 1 (GFPT1), transcript variant 1, mRNA"
NM_152319.4,LYLDT1,904,rna,Homo sapiens,2002/09/06,"Homo sapiens lysosomal-lipid droplet tether 1 (LYLDT1), mRNA"
NM_002056.4,GFPT1,8611,rna,Homo sapiens,1999/03/19,"Homo sapiens glutamine--fructose-6-phosphate transaminase 1 (GFPT1), transcript variant 2, mRNA"
NM_016204.4,GDF2,3309,rna,Homo sapiens,2000/05/03,"Homo sapiens growth differentiation factor 2 (GDF2), mRNA"
NM_005564.5,LCN2,820,rna,Homo sapiens,1999/06/09,"Homo sapiens lipocalin 2 (LCN2), transcript variant 1, mRNA"
NM_207408.3,SPMIP10,478,rna,Homo sapiens,2004/04/20,"Homo sapiens sperm microtubule inner protein 10 (SPMIP10), mRNA"
NM_024726.5,DRC11,3215,rna,Homo sapiens,2001/03/18,"Homo sapiens dynein regulatory complex subunit 11 (DRC11), transcript variant 1, mRNA"
NM_001448089.1,LRRC66,3429,rna,Homo sapiens,2026/09/14,"Homo sapiens leucine rich repeat containing 66 (LRRC66), transcript variant 2, mRNA"
NM_001448090.1,LRRC66,3693,rna,Homo sapiens,2026/09/14,"Homo sapiens leucine rich repeat containing 66 (LRRC66), transcript variant 3, mRNA"
NM_001448091.1,LRRC66,3075,rna,Homo sapiens,2026/09/14,"Homo sapiens leucine rich repeat containing 66 (LRRC66), transcript variant 4, mRNA"
NM_001282208.2,SIGMAR1,1695,rna,Homo sapiens,2013/08/23,"Homo sapiens sigma receptor chaperone 1 (SIGMAR1), transcript variant 9, mRNA"
NM_170681.3,GFM2,2166,rna,Homo sapiens,2002/11/25,"Homo sapiens GTP dependent ribosome recycling factor mitochondrial 2 (GFM2), transcript variant 3, mRNA; nuclear gene for mitochondrial product"
NM_001282207.2,SIGMAR1,1612,rna,Homo sapiens,2013/08/23,"Homo sapiens sigma receptor chaperone 1 (SIGMAR1), transcript variant 8, mRNA"
NM_001282209.2,SIGMAR1,1532,rna,Homo sapiens,2013/08/23,"Homo sapiens sigma receptor chaperone 1 (SIGMAR1), transcript variant 10, mRNA"
NM_001282206.2,SIGMAR1,1625,rna,Homo sapiens,2013/08/23,"Homo sapiens sigma receptor chaperone 1 (SIGMAR1), transcript variant 7, mRNA"
NM_147157.3,SIGMAR1,1579,rna,Homo sapiens,2002/08/13,"Homo sapiens sigma receptor chaperone 1 (SIGMAR1), transcript variant 2, mRNA"
NM_001281302.2,GFM2,3111,rna,Homo sapiens,2013/07/25,"Homo sapiens GTP dependent ribosome recycling factor mitochondrial 2 (GFM2), transcript variant 4, mRNA; nuclear gene for mitochondrial product"
NM_001282205.2,SIGMAR1,1454,rna,Homo sapiens,2013/08/23,"Homo sapiens sigma receptor chaperone 1 (SIGMAR1), transcript variant 6, mRNA"
NM_170691.3,GFM2,2852,rna,Homo sapiens,2002/11/25,"Homo sapiens GTP dependent ribosome recycling factor mitochondrial 2 (GFM2), transcript variant 2, mRNA; nuclear gene for mitochondrial product"
NM_032380.5,GFM2,2993,rna,Homo sapiens,2001/05/19,"Homo sapiens GTP dependent ribosome recycling factor mitochondrial 2 (GFM2), transcript variant 1, mRNA; nuclear gene for mitochondrial product"
NM_005866.4,SIGMAR1,1672,rna,Homo sapiens,1999/06/10,"Homo sapiens sigma receptor chaperone 1 (SIGMAR1), transcript variant 1, mRNA"
NM_001428335.1,TNXB,13838,rna,Homo sapiens,2024/03/08,"Homo sapiens tenascin XB (TNXB), transcript variant 4, mRNA"
NM_001428277.1,PPP2R2B,11223,rna,Homo sapiens,2024/03/06,"Homo sapiens protein phosphatase 2 regulatory subunit Bbeta (PPP2R2B), transcript variant 11, mRNA"
NM_001428279.1,PPP2R2B,10718,rna,Homo sapiens,2024/03/06,"Homo sapiens protein phosphatase 2 regulatory subunit Bbeta (PPP2R2B), transcript variant 12, mRNA"
NM_001114636.2,FANCL,1673,rna,Homo sapiens,2008/02/15,"Homo sapiens FA complementation group L (FANCL), transcript variant 1, mRNA"
NM_002977.4,SCN9A,9719,rna,Homo sapiens,1999/03/19,"Homo sapiens sodium voltage-gated channel alpha subunit 9 (SCN9A), transcript variant 1, mRNA"
NM_001287748.2,FDFT1,1992,rna,Homo sapiens,2013/12/19,"Homo sapiens farnesyl-diphosphate farnesyltransferase 1 (FDFT1), transcript variant 7, mRNA"
NM_001425772.1,POC1B,1407,rna,Homo sapiens,2023/11/27,"Homo sapiens POC1 centriolar protein B (POC1B), transcript variant 6, mRNA"
NM_001425398.1,HSFY1,1297,rna,Homo sapiens,2023/11/15,"Homo sapiens heat shock transcription factor Y-linked 1 (HSFY1), transcript variant 4, mRNA"
NM_001425325.1,AGL,7031,rna,Homo sapiens,2023/11/09,"Homo sapiens amylo-alpha-1,6-glucosidase and 4-alpha-glucanotransferase (AGL), transcript variant 7, mRNA"
NM_000644.3,AGL,7234,rna,Homo sapiens,1999/04/01,"Homo sapiens amylo-alpha-1,6-glucosidase and 4-alpha-glucanotransferase (AGL), transcript variant 2, mRNA"
NM_000028.3,AGL,7314,rna,Homo sapiens,1999/04/01,"Homo sapiens amylo-alpha-1,6-glucosidase and 4-alpha-glucanotransferase (AGL), transcript variant 4, mRNA"
NM_001425324.1,ABCA4,7106,rna,Homo sapiens,2023/11/09,"Homo sapiens ATP binding cassette subfamily A member 4 (ABCA4), transcript variant 2, mRNA"
NM_001425328.1,AGL,6887,rna,Homo sapiens,2023/11/09,"Homo sapiens amylo-alpha-1,6-glucosidase and 4-alpha-glucanotransferase (AGL), transcript variant 10, mRNA"
NM_001425332.1,AGL,6713,rna,Homo sapiens,2023/11/09,"Homo sapiens amylo-alpha-1,6-glucosidase and 4-alpha-glucanotransferase (AGL), transcript variant 12, mRNA"
NM_001425327.1,AGL,6890,rna,Homo sapiens,2023/11/09,"Homo sapiens amylo-alpha-1,6-glucosidase and 4-alpha-glucanotransferase (AGL), transcript variant 9, mRNA"
NM_001425326.1,AGL,7070,rna,Homo sapiens,2023/11/09,"Homo sapiens amylo-alpha-1,6-glucosidase and 4-alpha-glucanotransferase (AGL), transcript variant 8, mRNA"
NM_001425329.1,AGL,6752,rna,Homo sapiens,2023/11/09,"Homo sapiens amylo-alpha-1,6-glucosidase and 4-alpha-glucanotransferase (AGL), transcript variant 11, mRNA"
NM_001425309.1,NARS2,2242,rna,Homo sapiens,2023/11/08,"Homo sapiens asparaginyl-tRNA synthetase 2, mitochondrial (NARS2), transcript variant 14, mRNA"
NM_001425300.1,NARS2,2485,rna,Homo sapiens,2023/11/08,"Homo sapiens asparaginyl-tRNA synthetase 2, mitochondrial (NARS2), transcript variant 5, mRNA"
NM_001425308.1,NARS2,2281,rna,Homo sapiens,2023/11/08,"Homo sapiens asparaginyl-tRNA synthetase 2, mitochondrial (NARS2), transcript variant 13, mRNA"
NM_001425307.1,NARS2,2284,rna,Homo sapiens,2023/11/08,"Homo sapiens asparaginyl-tRNA synthetase 2, mitochondrial (NARS2), transcript variant 12, mRNA"
NM_001425313.1,NARS2,2294,rna,Homo sapiens,2023/11/08,"Homo sapiens asparaginyl-tRNA synthetase 2, mitochondrial (NARS2), transcript variant 18, mRNA"
NM_001425312.1,NARS2,2103,rna,Homo sapiens,2023/11/08,"Homo sapiens asparaginyl-tRNA synthetase 2, mitochondrial (NARS2), transcript variant 17, mRNA"
NM_001425302.1,NARS2,2431,rna,Homo sapiens,2023/11/08,"Homo sapiens asparaginyl-tRNA synthetase 2, mitochondrial (NARS2), transcript variant 7, mRNA"
NM_001425311.1,NARS2,2417,rna,Homo sapiens,2023/11/08,"Homo sapiens asparaginyl-tRNA synthetase 2, mitochondrial (NARS2), transcript variant 16, mRNA"
NM_001425301.1,NARS2,2440,rna,Homo sapiens,2023/11/08,"Homo sapiens asparaginyl-tRNA synthetase 2, mitochondrial (NARS2), transcript variant 6, mRNA"
NM_001425258.1,COQ6,1512,rna,Homo sapiens,2023/11/03,"Homo sapiens coenzyme Q6, monooxygenase (COQ6), transcript variant 6, mRNA; nuclear gene for mitochondrial product"
NM_001425259.1,COQ6,1561,rna,Homo sapiens,2023/11/03,"Homo sapiens coenzyme Q6, monooxygenase (COQ6), transcript variant 7, mRNA; nuclear gene for mitochondrial product"
NM_001425262.1,COQ6,1296,rna,Homo sapiens,2023/11/03,"Homo sapiens coenzyme Q6, monooxygenase (COQ6), transcript variant 10, mRNA; nuclear gene for mitochondrial product"
NM_001425263.1,COQ6,1653,rna,Homo sapiens,2023/11/03,"Homo sapiens coenzyme Q6, monooxygenase (COQ6), transcript variant 11, mRNA; nuclear gene for mitochondrial product"
NM_001425260.1,COQ6,1594,rna,Homo sapiens,2023/11/03,"Homo sapiens coenzyme Q6, monooxygenase (COQ6), transcript variant 8, mRNA; nuclear gene for mitochondrial product"
NM_001425264.1,COQ6,1361,rna,Homo sapiens,2023/11/03,"Homo sapiens coenzyme Q6, monooxygenase (COQ6), transcript variant 12, mRNA; nuclear gene for mitochondrial product"
NM_001425257.1,COQ6,1492,rna,Homo sapiens,2023/11/03,"Homo sapiens coenzyme Q6, monooxygenase (COQ6), transcript variant 5, mRNA; nuclear gene for mitochondrial product"
NM_001425261.1,COQ6,1555,rna,Homo sapiens,2023/11/03,"Homo sapiens coenzyme Q6, monooxygenase (COQ6), transcript variant 9, mRNA; nuclear gene for mitochondrial product"
NM_001425241.1,ALG8,1633,rna,Homo sapiens,2023/11/02,"Homo sapiens ALG8 alpha-1,3-glucosyltransferase (ALG8), transcript variant 25, mRNA"
NM_001425242.1,ALG8,1632,rna,Homo sapiens,2023/11/02,"Homo sapiens ALG8 alpha-1,3-glucosyltransferase (ALG8), transcript variant 26, mRNA"
NM_001425243.1,ALG8,1186,rna,Homo sapiens,2023/11/02,"Homo sapiens ALG8 alpha-1,3-glucosyltransferase (ALG8), transcript variant 27, mRNA"
NM_001425219.1,ALG8,1640,rna,Homo sapiens,2023/11/02,"Homo sapiens ALG8 alpha-1,3-glucosyltransferase (ALG8), transcript variant 3, mRNA"
NM_001425218.1,L2HGDH,5254,rna,Homo sapiens,2023/11/02,"Homo sapiens L-2-hydroxyglutarate dehydrogenase (L2HGDH), transcript variant 8, mRNA; nuclear gene for mitochondrial product"
NM_001425234.1,ALG8,1602,rna,Homo sapiens,2023/11/02,"Homo sapiens ALG8 alpha-1,3-glucosyltransferase (ALG8), transcript variant 18, mRNA"
NM_001425230.1,ALG8,1687,rna,Homo sapiens,2023/11/02,"Homo sapiens ALG8 alpha-1,3-glucosyltransferase (ALG8), transcript variant 14, mRNA"
NM_001425225.1,ALG8,1685,rna,Homo sapiens,2023/11/02,"Homo sapiens ALG8 alpha-1,3-glucosyltransferase (ALG8), transcript variant 9, mRNA"
NM_001425229.1,ALG8,1564,rna,Homo sapiens,2023/11/02,"Homo sapiens ALG8 alpha-1,3-glucosyltransferase (ALG8), transcript variant 13, mRNA"
NM_001425239.1,ALG8,1830,rna,Homo sapiens,2023/11/02,"Homo sapiens ALG8 alpha-1,3-glucosyltransferase (ALG8), transcript variant 23, mRNA"
NM_001425228.1,ALG8,1463,rna,Homo sapiens,2023/11/02,"Homo sapiens ALG8 alpha-1,3-glucosyltransferase (ALG8), transcript variant 12, mRNA"
NM_001425221.1,ALG8,1562,rna,Homo sapiens,2023/11/02,"Homo sapiens ALG8 alpha-1,3-glucosyltransferase (ALG8), transcript variant 5, mRNA"
NM_001425220.1,ALG8,1622,rna,Homo sapiens,2023/11/02,"Homo sapiens ALG8 alpha-1,3-glucosyltransferase (ALG8), transcript variant 4, mRNA"
NM_001425236.1,ALG8,1633,rna,Homo sapiens,2023/11/02,"Homo sapiens ALG8 alpha-1,3-glucosyltransferase (ALG8), transcript variant 20, mRNA"
NM_001425215.1,L2HGDH,6317,rna,Homo sapiens,2023/11/02,"Homo sapiens L-2-hydroxyglutarate dehydrogenase (L2HGDH), transcript variant 5, mRNA; nuclear gene for mitochondrial product"
NM_001425216.1,L2HGDH,5239,rna,Homo sapiens,2023/11/02,"Homo sapiens L-2-hydroxyglutarate dehydrogenase (L2HGDH), transcript variant 6, mRNA; nuclear gene for mitochondrial product"
NM_001425240.1,ALG8,1145,rna,Homo sapiens,2023/11/02,"Homo sapiens ALG8 alpha-1,3-glucosyltransferase (ALG8), transcript variant 24, mRNA"
NM_001425224.1,ALG8,1730,rna,Homo sapiens,2023/11/02,"Homo sapiens ALG8 alpha-1,3-glucosyltransferase (ALG8), transcript variant 8, mRNA"
NM_001425212.1,L2HGDH,5175,rna,Homo sapiens,2023/11/02,"Homo sapiens L-2-hydroxyglutarate dehydrogenase (L2HGDH), transcript variant 2, mRNA; nuclear gene for mitochondrial product"
NM_001425222.1,ALG8,1661,rna,Homo sapiens,2023/11/02,"Homo sapiens ALG8 alpha-1,3-glucosyltransferase (ALG8), transcript variant 6, mRNA"
NM_001425214.1,L2HGDH,6238,rna,Homo sapiens,2023/11/02,"Homo sapiens L-2-hydroxyglutarate dehydrogenase (L2HGDH), transcript variant 4, mRNA; nuclear gene for mitochondrial product"
NM_001425238.1,ALG8,1253,rna,Homo sapiens,2023/11/02,"Homo sapiens ALG8 alpha-1,3-glucosyltransferase (ALG8), transcript variant 22, mRNA"
NM_001425237.1,ALG8,1538,rna,Homo sapiens,2023/11/02,"Homo sapiens ALG8 alpha-1,3-glucosyltransferase (ALG8), transcript variant 21, mRNA"
NM_001425163.1,FOXRED1,1948,rna,Homo sapiens,2023/10/30,"Homo sapiens FAD dependent oxidoreductase domain containing 1 (FOXRED1), transcript variant 6, mRNA"
NM_001425175.1,FOXRED1,1853,rna,Homo sapiens,2023/10/30,"Homo sapiens FAD dependent oxidoreductase domain containing 1 (FOXRED1), transcript variant 18, mRNA"
NM_001425169.1,FOXRED1,1971,rna,Homo sapiens,2023/10/30,"Homo sapiens FAD dependent oxidoreductase domain containing 1 (FOXRED1), transcript variant 12, mRNA"
NM_001425172.1,FOXRED1,1726,rna,Homo sapiens,2023/10/30,"Homo sapiens FAD dependent oxidoreductase domain containing 1 (FOXRED1), transcript variant 15, mRNA"
NM_001425170.1,FOXRED1,2168,rna,Homo sapiens,2023/10/30,"Homo sapiens FAD dependent oxidoreductase domain containing 1 (FOXRED1), transcript variant 13, mRNA"
NM_001425166.1,FOXRED1,1903,rna,Homo sapiens,2023/10/30,"Homo sapiens FAD dependent oxidoreductase domain containing 1 (FOXRED1), transcript variant 9, mRNA"
NM_001425171.1,FOXRED1,1947,rna,Homo sapiens,2023/10/30,"Homo sapiens FAD dependent oxidoreductase domain containing 1 (FOXRED1), transcript variant 14, mRNA"
NM_001425174.1,FOXRED1,1856,rna,Homo sapiens,2023/10/30,"Homo sapiens FAD dependent oxidoreductase domain containing 1 (FOXRED1), transcript variant 17, mRNA"
NM_001425161.1,FOXRED1,1951,rna,Homo sapiens,2023/10/30,"Homo sapiens FAD dependent oxidoreductase domain containing 1 (FOXRED1), transcript variant 5, mRNA"
NM_001425167.1,FOXRED1,1849,rna,Homo sapiens,2023/10/30,"Homo sapiens FAD dependent oxidoreductase domain containing 1 (FOXRED1), transcript variant 10, mRNA"
NM_001425165.1,FOXRED1,1945,rna,Homo sapiens,2023/10/30,"Homo sapiens FAD dependent oxidoreductase domain containing 1 (FOXRED1), transcript variant 8, mRNA"
NM_001425156.1,SLC35C1,2936,rna,Homo sapiens,2023/10/28,"Homo sapiens solute carrier family 35 member C1 (SLC35C1), transcript variant 5, mRNA"
NM_001145266.2,SLC35C1,3110,rna,Homo sapiens,2009/02/18,"Homo sapiens solute carrier family 35 member C1 (SLC35C1), transcript variant 3, mRNA"
NM_001425097.1,PHOX2A,1723,rna,Homo sapiens,2023/10/25,"Homo sapiens paired like homeobox 2A (PHOX2A), transcript variant 3, mRNA"
NM_001425070.1,SBF2,7680,rna,Homo sapiens,2023/10/25,"Homo sapiens SET binding factor 2 (SBF2), transcript variant 6, mRNA"
NM_001425096.1,PHOX2A,1783,rna,Homo sapiens,2023/10/25,"Homo sapiens paired like homeobox 2A (PHOX2A), transcript variant 2, mRNA"
NM_001425098.1,PHOX2A,2127,rna,Homo sapiens,2023/10/25,"Homo sapiens paired like homeobox 2A (PHOX2A), transcript variant 4, mRNA"
NM_001425063.1,HMBS,1541,rna,Homo sapiens,2023/10/23,"Homo sapiens hydroxymethylbilane synthase (HMBS), transcript variant 14, mRNA"
NM_001425059.1,HMBS,1450,rna,Homo sapiens,2023/10/23,"Homo sapiens hydroxymethylbilane synthase (HMBS), transcript variant 11, mRNA"
NM_001425058.1,HMBS,1465,rna,Homo sapiens,2023/10/23,"Homo sapiens hydroxymethylbilane synthase (HMBS), transcript variant 10, mRNA"
NM_001425062.1,HMBS,1645,rna,Homo sapiens,2023/10/23,"Homo sapiens hydroxymethylbilane synthase (HMBS), transcript variant 13, mRNA"
NM_001425052.1,HMBS,1595,rna,Homo sapiens,2023/10/23,"Homo sapiens hydroxymethylbilane synthase (HMBS), transcript variant 5, mRNA"
NM_001425065.1,HMBS,1330,rna,Homo sapiens,2023/10/23,"Homo sapiens hydroxymethylbilane synthase (HMBS), transcript variant 15, mRNA"
NM_001425061.1,HMBS,1345,rna,Homo sapiens,2023/10/23,"Homo sapiens hydroxymethylbilane synthase (HMBS), transcript variant 12, mRNA"
NM_001425054.1,HMBS,1587,rna,Homo sapiens,2023/10/23,"Homo sapiens hydroxymethylbilane synthase (HMBS), transcript variant 7, mRNA"
NM_001424411.1,NKX2-2,1702,rna,Homo sapiens,2023/09/22,"Homo sapiens NK2 homeobox 2 (NKX2-2), transcript variant 2, mRNA"
NM_001424359.1,DNMT3B,4066,rna,Homo sapiens,2023/09/22,"Homo sapiens DNA methyltransferase 3 beta (DNMT3B), transcript variant 17, mRNA"
NM_001424354.1,DNMT3B,4150,rna,Homo sapiens,2023/09/21,"Homo sapiens DNA methyltransferase 3 beta (DNMT3B), transcript variant 12, mRNA"
NM_001424355.1,DNMT3B,4147,rna,Homo sapiens,2023/09/21,"Homo sapiens DNA methyltransferase 3 beta (DNMT3B), transcript variant 13, mRNA"
NM_001424351.1,DNMT3B,4217,rna,Homo sapiens,2023/09/21,"Homo sapiens DNA methyltransferase 3 beta (DNMT3B), transcript variant 9, mRNA"
NM_001424356.1,DNMT3B,4091,rna,Homo sapiens,2023/09/21,"Homo sapiens DNA methyltransferase 3 beta (DNMT3B), transcript variant 14, mRNA"
NM_001424358.1,DNMT3B,4021,rna,Homo sapiens,2023/09/21,"Homo sapiens DNA methyltransferase 3 beta (DNMT3B), transcript variant 16, mRNA"
NM_001424353.1,DNMT3B,4157,rna,Homo sapiens,2023/09/21,"Homo sapiens DNA methyltransferase 3 beta (DNMT3B), transcript variant 11, mRNA"
NM_001424352.1,DNMT3B,4210,rna,Homo sapiens,2023/09/21,"Homo sapiens DNA methyltransferase 3 beta (DNMT3B), transcript variant 10, mRNA"
NM_001424357.1,DNMT3B,4031,rna,Homo sapiens,2023/09/21,"Homo sapiens DNA methyltransferase 3 beta (DNMT3B), transcript variant 15, mRNA"
NM_001424160.1,DMPK,2617,rna,Homo sapiens,2023/09/06,"Homo sapiens DM1 protein kinase (DMPK), transcript variant 9, mRNA"
NM_001424168.1,DMPK,2752,rna,Homo sapiens,2023/09/06,"Homo sapiens DM1 protein kinase (DMPK), transcript variant 17, mRNA"
NM_001424169.1,DMPK,2694,rna,Homo sapiens,2023/09/06,"Homo sapiens DM1 protein kinase (DMPK), transcript variant 18, mRNA"
NM_001424164.1,DMPK,2662,rna,Homo sapiens,2023/09/06,"Homo sapiens DM1 protein kinase (DMPK), transcript variant 13, mRNA"
NM_001424162.1,DMPK,2795,rna,Homo sapiens,2023/09/06,"Homo sapiens DM1 protein kinase (DMPK), transcript variant 11, mRNA"
NM_001424159.1,DMPK,2754,rna,Homo sapiens,2023/09/06,"Homo sapiens DM1 protein kinase (DMPK), transcript variant 8, mRNA"
NM_001424161.1,DMPK,2602,rna,Homo sapiens,2023/09/06,"Homo sapiens DM1 protein kinase (DMPK), transcript variant 10, mRNA"
NM_001424121.1,RSPH9,1869,rna,Homo sapiens,2023/09/01,"Homo sapiens radial spoke head component 9 (RSPH9), transcript variant 5, mRNA"
NM_001424120.1,RSPH9,2500,rna,Homo sapiens,2023/09/01,"Homo sapiens radial spoke head component 9 (RSPH9), transcript variant 4, mRNA"
NM_001424106.1,COL10A1,3381,rna,Homo sapiens,2023/09/01,"Homo sapiens collagen type X alpha 1 chain (COL10A1), transcript variant 2, mRNA"
NM_001424111.1,COL11A2,6046,rna,Homo sapiens,2023/09/01,"Homo sapiens collagen type XI alpha 2 chain (COL11A2), transcript variant 8, mRNA"
NM_001424112.1,COL11A2,4405,rna,Homo sapiens,2023/09/01,"Homo sapiens collagen type XI alpha 2 chain (COL11A2), transcript variant 9, mRNA"
NM_001424108.1,COL11A2,6242,rna,Homo sapiens,2023/09/01,"Homo sapiens collagen type XI alpha 2 chain (COL11A2), transcript variant 5, mRNA"
NM_001424104.1,GCH1,1710,rna,Homo sapiens,2023/09/01,"Homo sapiens GTP cyclohydrolase 1 (GCH1), transcript variant 5, mRNA"
NM_001424070.1,ATXN3,6923,rna,Homo sapiens,2023/08/31,"Homo sapiens ataxin 3 (ATXN3), transcript variant ag, mRNA"
NM_001424074.1,GALC,5339,rna,Homo sapiens,2023/08/31,"Homo sapiens galactosylceramidase (GALC), transcript variant 8, mRNA"
NM_001424072.1,GALC,3896,rna,Homo sapiens,2023/08/31,"Homo sapiens galactosylceramidase (GALC), transcript variant 6, mRNA"
NM_001424073.1,GALC,3253,rna,Homo sapiens,2023/08/31,"Homo sapiens galactosylceramidase (GALC), transcript variant 7, mRNA"
NM_001424075.1,GALC,3882,rna,Homo sapiens,2023/08/31,"Homo sapiens galactosylceramidase (GALC), transcript variant 9, mRNA"
NM_001424071.1,GALC,4132,rna,Homo sapiens,2023/08/31,"Homo sapiens galactosylceramidase (GALC), transcript variant 5, mRNA"
NM_001422628.1,EDARADD,3272,rna,Homo sapiens,2023/06/20,"Homo sapiens EDAR associated via death domain (EDARADD), transcript variant C, mRNA"
NM_001365.5,DLG4,6812,rna,Homo sapiens,1999/04/01,"Homo sapiens discs large MAGUK scaffold protein 4 (DLG4), transcript variant 1, mRNA"
NM_001419813.1,KDM6A,5992,rna,Homo sapiens,2023/04/20,"Homo sapiens lysine demethylase 6A (KDM6A), transcript variant 13, mRNA"
NM_001419811.1,KDM6A,6067,rna,Homo sapiens,2023/04/19,"Homo sapiens lysine demethylase 6A (KDM6A), transcript variant 11, mRNA"
NM_001419809.1,KDM6A,6202,rna,Homo sapiens,2023/04/19,"Homo sapiens lysine demethylase 6A (KDM6A), transcript variant 9, mRNA"
NM_001419810.1,KDM6A,6100,rna,Homo sapiens,2023/04/19,"Homo sapiens lysine demethylase 6A (KDM6A), transcript variant 10, mRNA"
NM_001419814.1,KDM6A,5944,rna,Homo sapiens,2023/04/19,"Homo sapiens lysine demethylase 6A (KDM6A), transcript variant 14, mRNA"
NM_001419815.1,KDM6A,5809,rna,Homo sapiens,2023/04/19,"Homo sapiens lysine demethylase 6A (KDM6A), transcript variant 15, mRNA"
NM_012312.5,KIR2DS2,1596,rna,Homo sapiens,2000/02/07,"Homo sapiens killer cell immunoglobulin like receptor, two Ig domains and short cytoplasmic tail 2 (KIR2DS2), transcript variant 1, mRNA"
NM_012234.7,RYBP,4662,rna,Homo sapiens,2000/02/07,"Homo sapiens RING1 and YY1 binding protein (RYBP), mRNA"
NM_003890.3,FCGBP,16398,rna,Homo sapiens,1999/03/19,"Homo sapiens Fc gamma binding protein (FCGBP), mRNA"
NM_207007.4,CCL4L1,822,rna,Homo sapiens,2004/04/08,"Homo sapiens C-C motif chemokine ligand 4 like 1 (CCL4L1), transcript variant CCL4L, mRNA"
NM_001012989.3,gene/pseudogene,1190,rna,Homo sapiens,2005/03/15,"Homo sapiens ubiquitin conjugating enzyme E2 N like (gene/pseudogene) (UBE2NL), transcript variant coding, mRNA"
NM_001083539.3,KIR3DS1,1876,rna,Homo sapiens,2007/03/27,"Homo sapiens killer cell immunoglobulin like receptor, three Ig domains and short cytoplasmic tail 1 (KIR3DS1), transcript variant 1, mRNA"
NM_001193289.2,APOBEC3A_B,1017,rna,Homo sapiens,2010/07/20,"Homo sapiens APOBEC3A and APOBEC3B deletion hybrid (APOBEC3A_B), mRNA"
NM_014513.3,KIR2DS5,1601,rna,Homo sapiens,2000/04/26,"Homo sapiens killer cell immunoglobulin like receptor, two Ig domains and short cytoplasmic tail 5 (KIR2DS5), mRNA"
NM_001018081.2,KIR2DL5B,1632,rna,Homo sapiens,2005/05/18,"Homo sapiens killer cell immunoglobulin like receptor, two Ig domains and long cytoplasmic tail 5B (KIR2DL5B), mRNA"
NM_001405666.3,NBPF1,7786,rna,Homo sapiens,2022/04/29,"Homo sapiens NBPF member 1 (NBPF1), transcript variant 1, mRNA"
NM_001416004.1,SLC30A10,6354,rna,Homo sapiens,2023/01/10,"Homo sapiens solute carrier family 30 member 10 (SLC30A10), transcript variant 4, mRNA"
NM_001416005.1,SLC30A10,6617,rna,Homo sapiens,2023/01/10,"Homo sapiens solute carrier family 30 member 10 (SLC30A10), transcript variant 2, mRNA"
NM_001415968.1,TENM3,10962,rna,Homo sapiens,2023/01/08,"Homo sapiens teneurin transmembrane protein 3 (TENM3), transcript variant 9, mRNA"
NM_001415967.1,TENM3,10686,rna,Homo sapiens,2023/01/08,"Homo sapiens teneurin transmembrane protein 3 (TENM3), transcript variant 8, mRNA"
NM_001415971.1,TENM3,11047,rna,Homo sapiens,2023/01/06,"Homo sapiens teneurin transmembrane protein 3 (TENM3), transcript variant 12, mRNA"
NM_001415960.1,TENM3,10378,rna,Homo sapiens,2023/01/06,"Homo sapiens teneurin transmembrane protein 3 (TENM3), transcript variant 2, mRNA"
NM_001415966.1,TENM3,10662,rna,Homo sapiens,2023/01/06,"Homo sapiens teneurin transmembrane protein 3 (TENM3), transcript variant 7, mRNA"
NM_001415962.1,TENM3,10348,rna,Homo sapiens,2023/01/06,"Homo sapiens teneurin transmembrane protein 3 (TENM3), transcript variant 4, mRNA"
NM_001415973.1,TENM3,10944,rna,Homo sapiens,2023/01/06,"Homo sapiens teneurin transmembrane protein 3 (TENM3), transcript variant 13, mRNA"
NM_001415964.1,TENM3,10327,rna,Homo sapiens,2023/01/06,"Homo sapiens teneurin transmembrane protein 3 (TENM3), transcript variant 6, mRNA"
NM_001415974.1,TENM3,11044,rna,Homo sapiens,2023/01/06,"Homo sapiens teneurin transmembrane protein 3 (TENM3), transcript variant 14, mRNA"
NM_001415970.1,TENM3,10965,rna,Homo sapiens,2023/01/06,"Homo sapiens teneurin transmembrane protein 3 (TENM3), transcript variant 11, mRNA"
NM_001415963.1,TENM3,10330,rna,Homo sapiens,2023/01/06,"Homo sapiens teneurin transmembrane protein 3 (TENM3), transcript variant 5, mRNA"
NM_001415969.1,TENM3,11068,rna,Homo sapiens,2023/01/06,"Homo sapiens teneurin transmembrane protein 3 (TENM3), transcript variant 10, mRNA"
NM_001415943.1,SYT1,4785,rna,Homo sapiens,2023/01/05,"Homo sapiens synaptotagmin 1 (SYT1), transcript variant 10, mRNA"
NM_001415942.1,SYT1,4362,rna,Homo sapiens,2023/01/05,"Homo sapiens synaptotagmin 1 (SYT1), transcript variant 9, mRNA"
NM_001415939.1,SYT1,4747,rna,Homo sapiens,2023/01/05,"Homo sapiens synaptotagmin 1 (SYT1), transcript variant 6, mRNA"
NM_001415941.1,SYT1,4696,rna,Homo sapiens,2023/01/05,"Homo sapiens synaptotagmin 1 (SYT1), transcript variant 8, mRNA"
NM_001415938.1,SYT1,4639,rna,Homo sapiens,2023/01/05,"Homo sapiens synaptotagmin 1 (SYT1), transcript variant 5, mRNA"
NM_001415940.1,SYT1,4794,rna,Homo sapiens,2023/01/05,"Homo sapiens synaptotagmin 1 (SYT1), transcript variant 7, mRNA"
NM_001415873.1,RANBP2,11732,rna,Homo sapiens,2023/01/04,"Homo sapiens RAN binding protein 2 (RANBP2), transcript variant 4, mRNA"
NM_001415871.1,RANBP2,11786,rna,Homo sapiens,2023/01/04,"Homo sapiens RAN binding protein 2 (RANBP2), transcript variant 2, mRNA"
NM_001042664.2,PLEKHG5,3685,rna,Homo sapiens,2006/08/04,"Homo sapiens pleckstrin homology and RhoGEF domain containing G5 (PLEKHG5), transcript variant 4, mRNA"
NM_001265593.2,PLEKHG5,3693,rna,Homo sapiens,2012/05/22,"Homo sapiens pleckstrin homology and RhoGEF domain containing G5 (PLEKHG5), transcript variant 7, mRNA"
NM_001265594.3,PLEKHG5,3485,rna,Homo sapiens,2012/05/22,"Homo sapiens pleckstrin homology and RhoGEF domain containing G5 (PLEKHG5), transcript variant 8, mRNA"
NM_001042665.2,PLEKHG5,3665,rna,Homo sapiens,2006/08/04,"Homo sapiens pleckstrin homology and RhoGEF domain containing G5 (PLEKHG5), transcript variant 5, mRNA"
NM_003895.4,SYNJ1,7425,rna,Homo sapiens,1999/03/19,"Homo sapiens synaptojanin 1 (SYNJ1), transcript variant 1, mRNA"
NM_001160302.2,SYNJ1,7037,rna,Homo sapiens,2009/05/19,"Homo sapiens synaptojanin 1 (SYNJ1), transcript variant 3, mRNA"
NM_001379447.2,SLC11A2,4297,rna,Homo sapiens,2020/04/03,"Homo sapiens solute carrier family 11 member 2 (SLC11A2), transcript variant 11, mRNA"
NM_001414745.1,SLC11A2,4769,rna,Homo sapiens,2022/12/12,"Homo sapiens solute carrier family 11 member 2 (SLC11A2), transcript variant 18, mRNA"
NM_001414744.1,SLC11A2,3839,rna,Homo sapiens,2022/12/12,"Homo sapiens solute carrier family 11 member 2 (SLC11A2), transcript variant 17, mRNA"
NM_001414514.1,MVK,2688,rna,Homo sapiens,2022/11/30,"Homo sapiens mevalonate kinase (MVK), transcript variant 7, mRNA"
NM_001414513.1,MVK,2844,rna,Homo sapiens,2022/11/30,"Homo sapiens mevalonate kinase (MVK), transcript variant 6, mRNA"
NM_001414511.1,MVK,2989,rna,Homo sapiens,2022/11/30,"Homo sapiens mevalonate kinase (MVK), transcript variant 4, mRNA"
NM_001414515.1,MVK,2741,rna,Homo sapiens,2022/11/30,"Homo sapiens mevalonate kinase (MVK), transcript variant 8, mRNA"
NM_001414503.1,PRORP,2759,rna,Homo sapiens,2022/11/29,"Homo sapiens protein only RNase P catalytic subunit (PRORP), transcript variant 6, mRNA; nuclear gene for mitochondrial product"
NM_001414484.1,STXBP2,1987,rna,Homo sapiens,2022/11/29,"Homo sapiens syntaxin binding protein 2 (STXBP2), transcript variant 5, mRNA"
NM_001448086.1,TRNP1,1931,rna,Homo sapiens,2026/09/11,"Homo sapiens TMF1 regulated nuclear protein 1 (TRNP1), transcript variant 3, mRNA"
NM_001448085.1,TRNP1,1979,rna,Homo sapiens,2026/09/11,"Homo sapiens TMF1 regulated nuclear protein 1 (TRNP1), transcript variant 2, mRNA"
NM_001407310.1,PALB2,4717,rna,Homo sapiens,2022/05/31,"Homo sapiens partner and localizer of BRCA2 (PALB2), transcript variant 15, mRNA"
NM_001407296.1,PALB2,3948,rna,Homo sapiens,2022/05/31,"Homo sapiens partner and localizer of BRCA2 (PALB2), transcript variant 2, mRNA"
NM_001407324.1,TPM1,1145,rna,Homo sapiens,2022/05/31,"Homo sapiens tropomyosin 1 (TPM1), transcript variant 25, mRNA"
NM_001407322.1,TPM1,1343,rna,Homo sapiens,2022/05/31,"Homo sapiens tropomyosin 1 (TPM1), transcript variant 23, mRNA"
NM_001323582.2,BTD,10240,rna,Homo sapiens,2016/07/08,"Homo sapiens biotinidase (BTD), transcript variant 6, mRNA"
NM_001407329.1,TPM1,1217,rna,Homo sapiens,2022/05/31,"Homo sapiens tropomyosin 1 (TPM1), transcript variant 30, mRNA"
NM_001407302.1,PALB2,3697,rna,Homo sapiens,2022/05/31,"Homo sapiens partner and localizer of BRCA2 (PALB2), transcript variant 8, mRNA"
NM_001407332.1,TPM1,1019,rna,Homo sapiens,2022/05/31,"Homo sapiens tropomyosin 1 (TPM1), transcript variant 32, mRNA"
NM_001407313.1,PALB2,2223,rna,Homo sapiens,2022/05/31,"Homo sapiens partner and localizer of BRCA2 (PALB2), transcript variant 18, mRNA"
NM_001281723.4,BTD,9840,rna,Homo sapiens,2013/08/01,"Homo sapiens biotinidase (BTD), transcript variant 1, mRNA"
NM_001407333.1,TPM1,2970,rna,Homo sapiens,2022/05/31,"Homo sapiens tropomyosin 1 (TPM1), transcript variant 21, mRNA"
NM_001407335.1,TPM1,1265,rna,Homo sapiens,2022/05/31,"Homo sapiens tropomyosin 1 (TPM1), transcript variant 34, mRNA"
NM_001407314.1,PALB2,1542,rna,Homo sapiens,2022/05/31,"Homo sapiens partner and localizer of BRCA2 (PALB2), transcript variant 19, mRNA"
NM_001407331.1,TPM1,1217,rna,Homo sapiens,2022/05/31,"Homo sapiens tropomyosin 1 (TPM1), transcript variant 31, mRNA"
NM_001407306.1,PALB2,3991,rna,Homo sapiens,2022/05/31,"Homo sapiens partner and localizer of BRCA2 (PALB2), transcript variant 11, mRNA"
NM_001407342.1,TPM1,1034,rna,Homo sapiens,2022/05/31,"Homo sapiens tropomyosin 1 (TPM1), transcript variant 40, mRNA"
NM_001407336.1,TPM1,2901,rna,Homo sapiens,2022/05/31,"Homo sapiens tropomyosin 1 (TPM1), transcript variant 35, mRNA"
NM_001406645.1,MSH2,10404,rna,Homo sapiens,2022/05/31,"Homo sapiens mutS homolog 2 (MSH2), transcript variant 17, mRNA"
NM_001406654.1,MSH2,10324,rna,Homo sapiens,2022/05/31,"Homo sapiens mutS homolog 2 (MSH2), transcript variant 26, mRNA"
NM_001406649.1,MSH2,10448,rna,Homo sapiens,2022/05/31,"Homo sapiens mutS homolog 2 (MSH2), transcript variant 21, mRNA"
NM_001406652.1,MSH2,10254,rna,Homo sapiens,2022/05/31,"Homo sapiens mutS homolog 2 (MSH2), transcript variant 24, mRNA"
NM_001406656.1,MSH2,10502,rna,Homo sapiens,2022/05/31,"Homo sapiens mutS homolog 2 (MSH2), transcript variant 28, mRNA"
NM_001407277.1,TMEM43,3224,rna,Homo sapiens,2022/05/27,"Homo sapiens transmembrane protein 43 (TMEM43), transcript variant 5, mRNA"
NM_001407280.1,TMEM43,3080,rna,Homo sapiens,2022/05/27,"Homo sapiens transmembrane protein 43 (TMEM43), transcript variant 8, mRNA"
NM_001407275.1,TMEM43,3227,rna,Homo sapiens,2022/05/27,"Homo sapiens transmembrane protein 43 (TMEM43), transcript variant 3, mRNA"
NM_001407274.1,TMEM43,3233,rna,Homo sapiens,2022/05/27,"Homo sapiens transmembrane protein 43 (TMEM43), transcript variant 2, mRNA"
NM_001407278.1,TMEM43,3215,rna,Homo sapiens,2022/05/27,"Homo sapiens transmembrane protein 43 (TMEM43), transcript variant 6, mRNA"
NM_001407255.1,STK11,2482,rna,Homo sapiens,2022/05/27,"Homo sapiens serine/threonine kinase 11 (STK11), transcript variant 2, mRNA"
NM_001407185.1,SCN5A,3077,rna,Homo sapiens,2022/05/27,"Homo sapiens sodium voltage-gated channel alpha subunit 5 (SCN5A), transcript variant 8, mRNA"
NM_001407186.1,SCN5A,1080,rna,Homo sapiens,2022/05/27,"Homo sapiens sodium voltage-gated channel alpha subunit 5 (SCN5A), transcript variant 9, mRNA"
NM_001407243.1,PCSK9,3580,rna,Homo sapiens,2022/05/27,"Homo sapiens proprotein convertase subtilisin/kexin type 9 (PCSK9), transcript variant 6, mRNA"
NM_001407187.1,SCN5A,687,rna,Homo sapiens,2022/05/27,"Homo sapiens sodium voltage-gated channel alpha subunit 5 (SCN5A), transcript variant 10, mRNA"
NM_001407241.1,PCSK9,3679,rna,Homo sapiens,2022/05/27,"Homo sapiens proprotein convertase subtilisin/kexin type 9 (PCSK9), transcript variant 4, mRNA"
NM_001407244.1,PCSK9,3463,rna,Homo sapiens,2022/05/27,"Homo sapiens proprotein convertase subtilisin/kexin type 9 (PCSK9), transcript variant 7, mRNA"
NM_001407246.1,PCSK9,3996,rna,Homo sapiens,2022/05/27,"Homo sapiens proprotein convertase subtilisin/kexin type 9 (PCSK9), transcript variant 9, mRNA"
NM_001406819.1,MSH6,4069,rna,Homo sapiens,2022/05/27,"Homo sapiens mutS homolog 6 (MSH6), transcript variant 24, mRNA"
NM_001406822.1,MSH6,4064,rna,Homo sapiens,2022/05/25,"Homo sapiens mutS homolog 6 (MSH6), transcript variant 27, mRNA"
NM_001407143.1,MEN1,3084,rna,Homo sapiens,2022/05/25,"Homo sapiens menin 1 (MEN1), transcript variant 10, mRNA"
NM_001407142.1,MEN1,2838,rna,Homo sapiens,2022/05/25,"Homo sapiens menin 1 (MEN1), transcript variant 9, mRNA"
NM_001406827.1,MSH6,3999,rna,Homo sapiens,2022/05/25,"Homo sapiens mutS homolog 6 (MSH6), transcript variant 20, mRNA"
NM_001035512.3,SDHC,1206,rna,Homo sapiens,2005/11/02,"Homo sapiens succinate dehydrogenase complex subunit C (SDHC), transcript variant 3, mRNA; nuclear gene for mitochondrial product"
NM_001406825.1,MSH6,4165,rna,Homo sapiens,2022/05/25,"Homo sapiens mutS homolog 6 (MSH6), transcript variant 22, mRNA"
NM_001406821.1,MSH6,4119,rna,Homo sapiens,2022/05/25,"Homo sapiens mutS homolog 6 (MSH6), transcript variant 18, mRNA"
NM_001406829.1,MSH6,3899,rna,Homo sapiens,2022/05/25,"Homo sapiens mutS homolog 6 (MSH6), transcript variant 37, mRNA"
NM_001407137.1,TGFBR2,4245,rna,Homo sapiens,2022/05/25,"Homo sapiens transforming growth factor beta receptor 2 (TGFBR2), transcript variant 13, mRNA"
NM_001407116.1,SDHC,1251,rna,Homo sapiens,2022/05/25,"Homo sapiens succinate dehydrogenase complex subunit C (SDHC), transcript variant 8, mRNA; nuclear gene for mitochondrial product"
NM_001406824.1,MSH6,4066,rna,Homo sapiens,2022/05/25,"Homo sapiens mutS homolog 6 (MSH6), transcript variant 23, mRNA"
NM_001406820.1,MSH6,3970,rna,Homo sapiens,2022/05/25,"Homo sapiens mutS homolog 6 (MSH6), transcript variant 17, mRNA"
NM_001407130.1,TGFBR2,4527,rna,Homo sapiens,2022/05/25,"Homo sapiens transforming growth factor beta receptor 2 (TGFBR2), transcript variant 7, mRNA"
NM_001407146.1,MEN1,2768,rna,Homo sapiens,2022/05/25,"Homo sapiens menin 1 (MEN1), transcript variant 13, mRNA"
NM_001024847.3,TGFBR2,4605,rna,Homo sapiens,2005/06/15,"Homo sapiens transforming growth factor beta receptor 2 (TGFBR2), transcript variant 1, mRNA"
NM_001407168.1,RB1,2159,rna,Homo sapiens,2022/05/25,"Homo sapiens RB transcriptional corepressor 1 (RB1), transcript variant 5, mRNA"
NM_001406826.1,MSH6,4388,rna,Homo sapiens,2022/05/25,"Homo sapiens mutS homolog 6 (MSH6), transcript variant 13, mRNA"
NM_001407133.1,TGFBR2,4708,rna,Homo sapiens,2022/05/25,"Homo sapiens transforming growth factor beta receptor 2 (TGFBR2), transcript variant 9, mRNA"
NM_001407120.1,SDHC,1426,rna,Homo sapiens,2022/05/25,"Homo sapiens succinate dehydrogenase complex subunit C (SDHC), transcript variant 12, mRNA; nuclear gene for mitochondrial product"
NM_001406828.1,MSH6,4020,rna,Homo sapiens,2022/05/25,"Homo sapiens mutS homolog 6 (MSH6), transcript variant 43, mRNA"
NM_001407147.1,MEN1,2931,rna,Homo sapiens,2022/05/25,"Homo sapiens menin 1 (MEN1), transcript variant 14, mRNA"
NM_001407117.1,SDHC,1245,rna,Homo sapiens,2022/05/25,"Homo sapiens succinate dehydrogenase complex subunit C (SDHC), transcript variant 9, mRNA; nuclear gene for mitochondrial product"
NM_001407148.1,MEN1,2626,rna,Homo sapiens,2022/05/25,"Homo sapiens menin 1 (MEN1), transcript variant 15, mRNA"
NM_001407151.1,MEN1,2721,rna,Homo sapiens,2022/05/25,"Homo sapiens menin 1 (MEN1), transcript variant 18, mRNA"
NM_001407152.1,MEN1,2547,rna,Homo sapiens,2022/05/25,"Homo sapiens menin 1 (MEN1), transcript variant 19, mRNA"
NM_001407132.1,TGFBR2,4391,rna,Homo sapiens,2022/05/25,"Homo sapiens transforming growth factor beta receptor 2 (TGFBR2), transcript variant 8, mRNA"
NM_001278172.3,SDHC,1042,rna,Homo sapiens,2013/05/14,"Homo sapiens succinate dehydrogenase complex subunit C (SDHC), transcript variant 5, mRNA; nuclear gene for mitochondrial product"
NM_001407069.1,MUTYH,1849,rna,Homo sapiens,2022/05/24,"Homo sapiens mutY DNA glycosylase (MUTYH), transcript variant 11, mRNA"
NM_001406636.1,MSH2,3018,rna,Homo sapiens,2022/05/24,"Homo sapiens mutS homolog 2 (MSH2), transcript variant 8, mRNA"
NM_001406877.1,PMS2,5625,rna,Homo sapiens,2022/05/24,"Homo sapiens PMS1 homolog 2, mismatch repair system component (PMS2), transcript variant 26, mRNA"
NM_001407073.1,MUTYH,1816,rna,Homo sapiens,2022/05/24,"Homo sapiens mutY DNA glycosylase (MUTYH), transcript variant 25, mRNA"
NM_001406892.1,PMS2,5040,rna,Homo sapiens,2022/05/24,"Homo sapiens PMS1 homolog 2, mismatch repair system component (PMS2), transcript variant 41, mRNA"
NM_001406871.1,PMS2,4949,rna,Homo sapiens,2022/05/24,"Homo sapiens PMS1 homolog 2, mismatch repair system component (PMS2), transcript variant 20, mRNA"
NM_001406915.1,HNF1A,3250,rna,Homo sapiens,2022/05/24,"Homo sapiens HNF1 homeobox A (HNF1A), transcript variant 3, mRNA"
NM_001406891.1,PMS2,5260,rna,Homo sapiens,2022/05/24,"Homo sapiens PMS1 homolog 2, mismatch repair system component (PMS2), transcript variant 40, mRNA"
NM_001406876.1,PMS2,5023,rna,Homo sapiens,2022/05/24,"Homo sapiens PMS1 homolog 2, mismatch repair system component (PMS2), transcript variant 25, mRNA"
NM_001407083.1,MUTYH,1823,rna,Homo sapiens,2022/05/24,"Homo sapiens mutY DNA glycosylase (MUTYH), transcript variant 16, mRNA"
NM_001407080.1,MUTYH,1739,rna,Homo sapiens,2022/05/24,"Homo sapiens mutY DNA glycosylase (MUTYH), transcript variant 32, mRNA"
NM_001406898.1,PMS2,5265,rna,Homo sapiens,2022/05/24,"Homo sapiens PMS1 homolog 2, mismatch repair system component (PMS2), transcript variant 47, mRNA"
NM_001407066.1,MERLIN,2623,rna,Homo sapiens,2022/05/24,"Homo sapiens NF2, moesin-ezrin-radixin like (MERLIN) tumor suppressor (NF2), transcript variant 15, mRNA"
NM_001407085.1,MUTYH,1750,rna,Homo sapiens,2022/05/24,"Homo sapiens mutY DNA glycosylase (MUTYH), transcript variant 17, mRNA"
NM_001406895.1,PMS2,4900,rna,Homo sapiens,2022/05/24,"Homo sapiens PMS1 homolog 2, mismatch repair system component (PMS2), transcript variant 44, mRNA"
